{"cameraMode":{"drawMode":0,"name":"Shaded","section":"Shading Mode"},"sceneLighting":true,"audioPlay":false,"sceneViewState":{"m_AlwaysRefresh":false,"showFog":true,"showSkybox":true,"showFlares":true,"showImageEffects":true,"showParticleSystems":true,"showVisualEffectGraphs":true,"m_FxEnabled":true},"in2DMode":false,"pivot":{"x":-5.453885078430176,"y":11.833539962768555,"z":-16.180898666381837},"rotation":{"x":-0.01829094998538494,"y":-0.043437082320451739,"z":0.0008093747892417014,"w":-0.9989129304885864},"size":7.514046669006348,"orthographic":false}