{"cameraMode":{"drawMode":0,"name":"Shaded","section":"Shading Mode"},"sceneLighting":true,"audioPlay":false,"sceneViewState":{"m_AlwaysRefresh":false,"showFog":true,"showSkybox":true,"showFlares":true,"showImageEffects":true,"showParticleSystems":true,"showVisualEffectGraphs":true,"m_FxEnabled":true},"in2DMode":false,"pivot":{"x":-4.186441421508789,"y":1.0472297668457032,"z":9.827301025390625},"rotation":{"x":-0.17310243844985963,"y":0.015686392784118654,"z":-0.002756138565018773,"w":-0.9847807884216309},"size":11.457448959350586,"orthographic":false}