{"cameraMode":{"drawMode":0,"name":"Shaded","section":"Shading Mode"},"sceneLighting":true,"audioPlay":false,"sceneViewState":{"m_AlwaysRefresh":false,"showFog":true,"showSkybox":true,"showFlares":true,"showImageEffects":true,"showParticleSystems":true,"showVisualEffectGraphs":true,"m_FxEnabled":true},"in2DMode":false,"pivot":{"x":3.2741281986236574,"y":12.14787769317627,"z":-35.494564056396487},"rotation":{"x":0.06714794784784317,"y":-0.13342583179473878,"z":0.009076583199203015,"w":0.9887605309486389},"size":7.514046669006348,"orthographic":false}