{"cameraMode":{"drawMode":0,"name":"Shaded","section":"Shading Mode"},"sceneLighting":true,"audioPlay":false,"sceneViewState":{"m_AlwaysRefresh":false,"showFog":true,"showSkybox":true,"showFlares":true,"showImageEffects":true,"showParticleSystems":true,"showVisualEffectGraphs":true,"m_FxEnabled":true},"in2DMode":false,"pivot":{"x":3.8130569458007814,"y":5.399014472961426,"z":-1.2113937139511109},"rotation":{"x":0.059978365898132327,"y":0.6942263841629028,"z":0.05822893604636192,"w":-0.7149023413658142},"size":7.2828755378723148,"orthographic":false}